sigla_nazione;codice_belfiore;denominazione_nazione;denominazione_cittadinanza
122;Z122;"MAN (ISOLA)";MANNESE
124;Z124;"NORMANNE (ISOLE)=ISOLE DEL CANALE";"NORMANNE (ISOLE)=ISOLE DEL CANALE"
136;Z136;GEORGIA;GEORGIANA
137;Z137;ARMENIA;ARMENA
141;Z141;AZERBAIDJAN;AZERBAIGIANA
142;Z142;KIRGHIZISTAN;KIRGHISA
143;Z143;UZBEKISTAN;UZBEKA
147;Z147;TAGIKISTAN;TAGIKA
151;Z151;TURKMENISTAN;TURKMENA
152;Z152;KAZAKHISTAN;KAZAKA
201;Z201;"ARABIA MERIDIONALE FEDERAZIONE";"YEMENITA (FEDERAZIONE DELL'ARABIA MERIDIONALE)"
202;Z202;"ARABIA MERIDIONALE PROTETTORATO";"YEMENITA (PROTETTORATO DELL'ARABIA MERIDIONALE)"
218;Z218;"GAZA (TERRITORIO DI)";"PALESTINESE (TERRITORIO DI GAZA)"
238;Z238;"RYUKYU (ISOLE)";"GIAPPONESE (ISOLE RYUKYU)"
239;Z239;SIKKIM;SIKKIM
303;Z303;"BASUTOLAND SUD AFRICA BRITANN";"LESOTHIANA (BASUTOLAND-SUD AFRICA BRITANNICO)"
304;Z304;"BECIUANIA SUD AFRICA BRITANNICO";BECIUANA
323;Z323;IFNI;"MAROCCHINA (IFNI)"
339;Z339;"SAHARA SPAGNOLO";"SAHARIANA (SAHARA SPAGNOLO)"
350;Z350;TANGANICA;"TANZANIANA (TANGANICA)"
356;Z356;ZANZIBAR;"TANZANIANA (ZANZIBAR)"
362;Z362;"SAHARA MERIDIONALE";"SAHARIANA (SAHARA MERIDIONALE)"
363;Z363;"SAHARA SETTENTRIONALE";"SAHARIANA (SAHARA SETTENTRIONALE)"
364;Z364;BOPHUTHATSWANA;BATSWANA
365;Z365;TRANSKEI;TRANSKEI
366;Z366;VENDA;VENDA
367;Z367;CISKEI;"CENTRAFICANA (CISKEI)"
369;Z369;NYASALAND;MALAWIANA
500;Z500;"ANTILLE BRITANNICHE";"ANTILLANA (ANTILLE BRITANNICHE)"
517;Z517;"PANAMA ZONA DEL CANALE";"PANAMENSE (PANAMA ZONA DEL CANALE)"
521;Z521;"ANTILLE BRITANNICHE";"ANTILLANA (ANTILLE BRITANNICHE)"
523;Z523;"ANTILLE BRITANNICHE";"ANTILLANA (ANTILLE BRITANNICHE)"
701;Z701;"CAROLINE (ISOLE)";"MICRONESIANA (ISOLE CAROLINE)"
705;Z705;"GILBERT E ELLICE (ISOLE)";"CENTRAFICANA (ISOLE GILBERT E ELLICE)"
707;Z707;"IRIAN OCCIDENTALE";PAPUANA
708;Z708;"MACQUARIE (ISOLE)";"MACQUARIE (ISOLE)"
709;Z709;"MARCUS (ISOLE)";"GIAPPONESE (ISOLE MARCUS)"
712;Z712;"MIDWAY (ISOLE)";"MIDWAY (ISOLE)"
721;Z721;"ISOLE CILENE (PASQUA E SALA Y GOMEZ)";"ISOLE CILENE (PASQUA E SALA Y GOMEZ)"
800;Z800;"DIPENDENZE CANADESI";"CANADESE (DIPENDENZE CANADESI)"
801;Z801;"DIPENDENZE NORVEGESI ARTICHE";"NORVEGESE (DIPENDENZE NORVEGESI ARTICHE)"
802;Z802;"DIPENDENZE SOVIETICHE";"RUSSA (DIPENDENZE RUSSE)"
900;Z900;"DIPENDENZE AUSTRALIANE";"AUSTRALIANA (DIPENDENZE AUSTRALIANE)"
901;Z901;"DIPENDENZE BRITANNICHE";"BRITANNICA (DIPENDENZE BRITANNICHE)"
902;Z902;"DIPENDENZE FRANCESI";"FRANCESE (DIPENDENZE FRANCESI)"
903;Z903;"DIPENDENZE NEOZELANDESI";"NEOZELANDESE (DIPENDENZE NEOZELANDESI)"
904;Z904;"DIPENDENZE NORVEGESI ANTARTICHE";"NORVEGESE (DIPENDENZE NORVEGESI ANTARTICHE)"
905;Z905;"DIPENDENZE STATUNITENSI";"STATUNITENSE (DIPENDENZE STATUNITENSI)"
906;Z906;"DIPENDENZE SUDAFRICANE";"SUDAFRICANA (DIPENDENZE SUDAFRICANE)"
907;Z907;"SUD SUDAN";SUDSUDANESE
A;Z102;AUSTRIA;AUSTRIACA
ADN;Z246;YEMEN;YEMENITA
AFG;Z200;AFGHANISTAN;AFGANA
AG;Z532;"ANTIGUA E BARBUDA";"ANTIGUANA, BARBUDANA"
AIA;Z529;"ANGUILLA (ISOLA)";ANGUILLANA
AL;Z100;ALBANIA;ALBANESE
AND;Z101;ANDORRA;ANDORRANA
ANG;Z302;ANGOLA;ANGOLANA
ANT;Z501;"ANTILLE OLANDESI";"ANTILLANA (ANTILLE OLANDESI)"
ARM;Z252;ARMENIA;ARMENA
ASM;Z725;"SAMOA AMERICANE (ISOLE)";"SAMOANA AMERICANA"
AUS;Z700;AUSTRALIA;AUSTRALIANA
AZ;Z253;AZERBAIDJAN;AZERBAIGIANA
B;Z103;BELGIO;BELGA
BB;Z358;BOTSWANA;BOTSWANIANA
BD;Z249;BANGLADESH;BENGALESE
BDS;Z522;BARBADOS;BARBADIANA
BG;Z104;BULGARIA;BULGARA
BH;Z512;BELIZE;BELIZIANA
BHT;Z205;BHUTAN;BHUTANESE
BIH;Z153;"BOSNIA ED ERZEGOVINA";BOSNIACA
BMU;Z400;"BERMUDA (ISOLE)";BERMUDIANA
BOL;Z601;BOLIVIA;BOLIVIANA
BPB;Z314;BENIN;BENINESE
BR;Z602;BRASILE;BRASILIANA
BRN;Z204;BAHREIN;BAHRAYNI
BRU;Z207;BRUNEI;BRUNEIANA
BS;Z502;BAHAMAS;BAHAMENSE
BU;Z305;BURUNDI;BURUNDESE
BUR;Z206;"MYANMAR (BIRMANIA)";BIRMANA
BVI;Z525;"VERGINI BRITANNICHE (ISOLE)";"BRITANNICA (ISOLE VERGINI BRITANNICHE)"
BY;Z139;"BIELORUSSIA=RUSSIA BIANCA";BIELORUSSA
C;Z504;CUBA;CUBANA
CAM;Z306;CAMERUN;CAMERUNESE
CB;Z370;"CONGO BELGA";"CONGOLESE (CONGO BELGA)"
CCK;Z212;"COCOS (ISOLE)";"COCOS (ISOLE)"
CDN;Z401;CANADA;CANADESE
CFS;Z346;"SOMALIA FRANCESE";"TERRITORIO FRANCESE DEGLI AFAR E DEGLI ISSA"
CH;Z133;SVIZZERA;SVIZZERA
CI;Z313;"COSTA D'AVORIO";IVORIANA
CL;Z209;"SRI LANKA";CINGALESE
CN;Z210;"CINA REPUBBLICA POPOLARE";CINESE
CO;Z604;COLOMBIA;COLOMBIANA
COK;Z703;"COOK (ISOLE)";COOKESE
COM;Z310;COMORE;COMORIANA
CR;Z503;"COSTA RICA";COSTARICANA
CS;Z105;CECOSLOVACCHIA;"CECA (CECOSLOVACCHIA)"
CV;Z307;"CAPO VERDE";CAPOVERDIANA
CXR;Z702;"CHRISTMAS (ISOLA)";"CHRISTMAS (ISOLA)"
CY;Z211;CIPRO;CIPRIOTA
CYM;Z530;"CAYMAN (ISOLE)";CAYMANIANA
CZ;Z156;"CECA REPUBBLICA";CECA
D;Z112;GERMANIA;TEDESCA
DDR;Z111;"GERMANIA REPUBBLICA DEMOCRATICA";"TEDESCA (REPUBBLICA DEMOCRATICA TEDESCA)"
DJI;Z361;DJIBOUTI;GIBUTIANA
DK;Z107;DANIMARCA;DANESE
DOM;Z505;"DOMINICANA REPUBBLICA";"DOMINICANA (REPUBBLICA DOMINICANA)"
DVR;Z214;"COREA DEL NORD";NORDCOREANA
DZ;Z301;ALGERIA;ALGERINA
E;Z131;SPAGNA;SPAGNOLA
EAK;Z322;KENYA;KENIOTA
EAT;Z357;TANZANIA;TANZANIANA
EAU;Z353;UGANDA;UGANDESE
EC;Z605;ECUADOR;ECUADOREGNA
ER;Z368;ERITREA;ERITREA
ES;Z506;"EL SALVADOR";SALVADOREGNA
EST;Z144;ESTONIA;ESTONE
ET;Z336;EGITTO;EGIZIANA
ETH;Z315;ETIOPIA;ETIOPE
F;Z110;FRANCIA;FRANCESE
FIN;Z109;FINLANDIA;FINLANDESE
FJI;Z704;FIGI=VITI;FIGIANA
FL;Z119;LIECHTENSTEIN;LIECHTENSTEINESE
FLK;Z609;"MALVINE=FALKLAND (ISOLE)";MALVINIANA
FO;Z108;"FAER OER (ISOLE)";FAROESE
FSM;Z735;"MICRONESIA STATI FEDERATI";MICRONESIANA
G;Z316;GABON;GABONESE
GB;Z114;"GRAN BRETAGNA E IRLANDA DEL NORD";BRITANNICA
GBZ;Z113;GIBILTERRA;GIBILTERRINA
GCA;Z509;GUATEMALA;GUATEMALTECA
GE;Z254;GEORGIA;GEORGIANA
GF;Z607;"GUYANA=GUIANA FRANCESE";"GUYANASE (GUAYANA=GUIANA FRANCESE)"
GH;Z318;GHANA;GHANESE
GNB;Z320;GUINEA-BISSAU;GUINEENSE
GP;Z508;GUADALUPA;GUADALUPEENSE
GQ;Z321;"GUINEA EQUATORIALE";EQUATOGUINEANA
GR;Z115;GRECIA;GRECA
GRL;Z402;GROENLANDIA;GROENLANDESE
GUM;Z706;"GUAM (ISOLA)";GUAMANIANE
GUY;Z606;GUYANA;GUYANASE
H;Z134;UNGHERIA;UNGHERESE
HK;Z221;"HONG KONG";HONGKONGHESE
HKJ;Z220;GIORDANIA;GIORDANA
HN;Z511;HONDURAS;HONDUREGNA
HR;Z149;CROAZIA;CROATA
IL;Z226;ISRAELE;ISRAELIANA
IND;Z222;INDIA;INDIANA
IR;Z224;IRAN;IRANIANA
IRL;Z116;IRLANDA=EIRE;IRLANDESE
IRQ;Z225;IRAQ;IRACHENA
IS;Z117;ISLANDA;ISLANDESE
IT;;ITALIA;ITALIANA
J;Z219;GIAPPONE;GIAPPONESE
JA;Z507;GIAMAICA;GIAMAICANA
K;Z208;CAMBOGIA;CAMBOGIANA
KIR;Z731;KIRIBATI;GILBERTESE
KN;Z533;"SAINT KITTS E NEVIS=SAINT CHRISTOPHER E";NEVISIANA
KS;Z256;KIRGHIZISTAN;KIRGHISA
KSA;Z203;"ARABIA SAUDITA";SAUDITA
KWT;Z227;KUWAIT;KUWAITIANA
KZ;Z255;KAZAKHISTAN;KAZAKA
L;Z120;LUSSEMBURGO;LUSSEMBURGHESE
LAO;Z228;LAOS;LAOTIANA
LAR;Z326;LIBIA;LIBICA
LB;Z325;LIBERIA;LIBERIANA
LS;Z359;LESOTHO;LESOTHIANA
LT;Z146;LITUANIA;LITUANA
LV;Z145;LETTONIA;LETTONE
M;Z121;MALTA;MALTESE
MA;Z330;MAROCCO;MAROCCHINA
MAC;Z231;MACAO;MACAO
MAL;Z247;MALAYSIA;MALESE
MC;Z123;MONACO;MONEGASCA
MD;Z140;MOLDAVIA;MOLDAVA
MEX;Z514;MESSICO;MESSICANA
MH;Z711;"MARSHALL  (ISOLE)";MARSHALL
MK;Z148;MACEDONIA;MACEDONE
MNE;Z159;MONTENEGRO;MONTENEGRINA
MNG;Z233;MONGOLIA;MONGOLA
MNP;Z710;"MARIANNE (ISOLE)";"MARIANNE (ISOLE)"
MOC;Z333;MOZAMBICO;MOZAMBICANA
MQ;Z513;MARTINICA;MARTINICANA
MS;Z332;"MAURITIUS (ISOLE)";MAURIZIANA
MSR;Z531;MONTSERRAT;MONTSERRATIANA
MV;Z232;MALDIVE;MALDIVIANA
MW;Z328;MALAWI;MALAWAIANA
MY;Z230;MALAYSIA;MALESE
MYT;Z360;"MAYOTTE (ISOLA)";"FRANCESE (ISOLA MAYOTTE)"
N;Z125;NORVEGIA;NORVEGESE
NAM;Z300;NAMIBIA;NAMIBIANA
NAU;Z713;NAURU;NAURUANA
NCL;Z716;"NUOVA CALEDONIA (ISOLE E DIPENDENZE)";CALEDONIANA
NEP;Z234;NEPAL;NEPALESE
NFK;Z715;"NORFOLK (ISOLE E ISOLE DEL MAR DEI CORAL";"NORFOLK (ISOLE E ISOLE DEL MAR DEI CORALLI)"
NHE;Z717;"NUOVE EBRIDI (ISOLE CONDOMINIO FRANCO-IN";"NUOVE EBRIDI (ISOLE CONDOMINIO FRANCO-INGLESE)"
NIC;Z515;NICARAGUA;NICARAGUENSE
NIU;Z714;"NIUE=SAVAGE (ISOLE)";NIUEANA
NL;Z126;"PAESI BASSI";OLANDESE
NZ;Z719;"NUOVA ZELANDA";NEOZELANDESE
OM;Z235;OMAN;OMANITA
P;Z128;PORTOGALLO;PORTOGHESE
PA;Z516;PANAMA;PANAMENSE
PAL;Z734;PALAU;PALAUANA
PCN;Z722;"PITCAIRN (E DIPENDENZE)";"PITCAIRN (E DIPENDENZE)"
PE;Z611;PERU';PERUVIANA
PG;Z720;PAPUASIA;"GUINEANA (PAPUASIA)"
PG.;Z718;"NUOVA GUINEA";"GUINEANA (NUOVA GUINEA)"
PK;Z236;PAKISTAN;PAKISTANA
PL;Z127;POLONIA;POLACCA
PN;Z161;"TERRITORI PALESTINESI";"PALESTINESE (TERRITORI PALESTINESI)"
PNG;Z730;"PAPUA NUOVA GUINEA";"GUINEANA (PAPUA NUOVA GUINEA)"
PRI;Z518;"PUERTO RICO";PORTORICANA
PY;Z610;PARAGUAY;PARAGUAIANA
PYF;Z723;"POLINESIA FRANCESE (ISOLE)";POLINESIANA
Q;Z237;QATAR;QATARIOTA
RA;Z600;ARGENTINA;ARGENTINA
RC;Z217;"CINA REPUBBLICA NAZIONALE=TAIWAN";TAIWANESE
RCA;Z308;"CENTRAFRICANA REPUBBLICA";CENTRAFICANA
RCB;Z311;"CONGO REPUBBLICA POPOLARE";"CONGOLESE (REPUBBLICA POPOLARE DEL CONGO)"
RCH;Z603;CILE;CILENA
REU;Z324;"LA REUNION (ISOLA)";REUNIONESE
RG;Z319;GUINEA;"GUINEANA (GUINEA)"
RH;Z510;HAITI;HAITIANA
RHV;Z354;"BURKINA FASO";BURKINABÃˆ
RI;Z223;INDONESIA;INDONESIANA
RIM;Z331;MAURITANIA;MAURITANA
RL;Z229;LIBANO;LIBANESE
RM;Z327;MADAGASCAR;MALGASCIA
RMM;Z329;MALI;MALIANA
RN;Z334;NIGER;NIGERINA
RO;Z129;ROMANIA;ROMENA
ROK;Z213;"COREA DEL SUD";SUDCOREANA
ROU;Z613;URUGUAY;URUGUAIANA
RP;Z216;FILIPPINE;FILIPPINA
RSM;Z130;"SAN MARINO";SAMMARINESE
RUS;Z154;"RUSSIA=FEDERAZIONE RUSSA";RUSSA
RWA;Z338;RUANDA;RUANDESE
S;Z132;SVEZIA;SVEDESE
SCG;Z157;"SERBIA E MONTENEGRO";"SERBA (SERBIA E MONTENEGRO)"
SD;Z349;SWAZILAND;SWAZI
SGP;Z248;SINGAPORE;SINGAPORIANA
SHN;Z340;"SANT'ELENA (ISOLA)";SANTELENIANA
SK;Z155;SLOVACCHIA;SLOVACCA
SLB;Z724;"SALOMONE (ISOLE)";SALOMONE
SLO;Z150;SLOVENIA;SLOVENA
SME;Z608;SURINAME;SURINAMESE
SN;Z343;SENEGAL;SENEGALESE
SO;Z345;SOMALIA;SOMALA
SPM;Z403;"SAINT PIERRE ET MIQUELON (ISOLE)";"FRANCESE (ISOLE SAINT PIERRE ET MIQUELON)"
SRB;Z158;SERBIA;SERBA
STP;Z341;"SAO TOME E PRINCIPE";"SAO TOME' E PRINCIPE"
SU;Z135;"UNIONE REPUBBLICHE SOCIALISTE SOVIETICHE";SOVIETICA
SUN;Z348;SUDAN;SUDANESE
SY;Z342;SEYCHELLES;SEYCHELLESE
SYR;Z240;SIRIA;SIRIANA
T;Z241;THAILANDIA;THAILANDESE
TCA;Z519;"TURKS E CAICOS (ISOLE)";"TURKS E CAICOS (ISOLE)"
TCH;Z309;CIAD;CIADIANA
TG;Z351;TOGO;TOGOLESE
TJ;Z257;TAGIKISTAN;TAGIKA
TKL;Z727;"TOKELAU=ISOLE DELL'UNIONE";TONGANIANA
TL;Z242;"TIMOR (ISOLA)";TIMORESE
TM;Z258;TURKMENISTAN;TURKMENA
TN;Z352;TUNISIA;TUNISINA
TO;Z728;"TONGA=ISOLE DEGLI AMICI";TONGANA
TR;Z243;TURCHIA;TURCA
TT;Z612;"TRINIDAD E TOBAGO";TRINIDADIANA
TUV;Z732;TUVALU;TUVALUANA
UA;Z138;UCRAINA;UCRAINA
UAE;Z215;"EMIRATI ARABI UNITI";EMIRATINA
UNK;Z160;KOSSOVO;KOSOVARA
USA;Z404;"STATI UNITI D'AMERICA";STATUNITENSE
UZ;Z259;UZBEKISTAN;UZBEKA
V;Z106;"CITTA' DEL VATICANO";VATICANA
VIR;Z520;"VERGINI AMERICANE (ISOLE)";"STATUNITENSE (ISOLE VERGINI AMERICANE)"
VN;Z251;VIETNAM;VIETNAMITA
VNN;Z245;"VIETNAM DEL NORD";NORDVIETNAMITA
VNS;Z244;"VIETNAM DEL SUD";SUDVIETNAMITA
VU;Z733;VANUATU;VANUATUANA
WAG;Z317;GAMBIA;GAMBIANA
WAL;Z344;"SIERRA LEONE";SIERRALEONESE
WAN;Z335;NIGERIA;NIGERIANA
WD;Z526;DOMINICA;"DOMINICANA (DOMINICA)"
WG;Z524;GRENADA;GRENADINA
WL;Z527;"SAINT LUCIA";SANTALUCIANA
WLF;Z729;"WALLIS E FUTUNA (ISOLE)";"WALLIS E FUTUNA (ISOLE)"
WS;Z726;"SAMOA (ISOLE)";SAMOANA
WV;Z528;"SAINT VINCENT E GRENADINE";VINCENTIANA
YS;Z250;"YEMEN REP. DEM. POPOLARE";"YEMENITA (REPUBBLICA DEMOCRATICA POPOLARE DELLO YEMEN)"
YU;Z118;JUGOSLAVIA;IUGOSLAVA
YV;Z614;VENEZUELA;VENEZUELANA
Z;Z355;ZAMBIA;ZAMBIANA
ZA;Z347;"SUDAFRICANA REPUBBLICA";SUDAFRICANA
ZRE;Z312;"CONGO REPUBBLICA DEMOCRATICA";"CONGOLESE (REPUBBLICA DEMOCRATICA DEL CONGO)"
ZW;Z337;ZIMBABWE;ZIMBABWIANA
